iter	Logloss
0	0.622203075
1	0.5491308976
2	0.4884572489
3	0.460760886
4	0.4302272562
5	0.4174604302
6	0.3976088122
7	0.3828203043
8	0.3718939456
9	0.3656612907
